"url","title","instructors","topics","departments","resource_types","year","id","date","level"
"https://ocw.mit.edu/courses/14-01sc-principles-of-microeconomics-fall-2011/","Principles of Microeconomics","Prof. Jonathan Gruber","Social Science, Economics, Microeconomics","Economics","Lecture Videos, Recitation Videos, Problem Sets with Solutions, Exams with Solutions, Exams, Lecture Notes, Exam Materials, Problem Sets","2011","14.01SC","Fall 2011","Undergraduate"
"https://ocw.mit.edu/courses/7-01sc-fundamentals-of-biology-fall-2011/","Fundamentals of Biology","Prof. Eric Lander, Prof. Robert Weinberg, Prof. Tyler Jacks, Prof. Hazel Sive, Prof. Graham Walker, Prof. Sallie Chisholm, Dr. Michelle Mischke","Science, Biology","Biology","Problem Sets with Solutions, Exams with Solutions, Lecture Videos, Problem Sets, Exams, Tutorial Videos, Lecture Notes","2011","7.01SC","Fall 2011","Undergraduate"
"https://ocw.mit.edu/courses/8-03sc-physics-iii-vibrations-and-waves-fall-2016/","Physics III: Vibrations and Waves","Prof. Yen-Jie Lee","Science, Physics, Atomic, Molecular, Optical Physics, Classical Mechanics, Electromagnetism","Physics","Lecture Videos, Lecture Notes, Problem Sets, Instructor Insights, Exams","2016","8.03SC","Fall 2016","Undergraduate"
"https://ocw.mit.edu/courses/3-091-introduction-to-solid-state-chemistry-fall-2018/","Introduction to Solid-State Chemistry","Prof. Jeffrey Grossman","Engineering, Chemical Engineering, Materials Science and Engineering, Science, Chemistry","Materials Science and Engineering","Lecture Videos, Tutorial Videos, Problem Sets with Solutions, Exams, Online Textbook, Instructor Insights","2018","3.091","Fall 2018","Undergraduate"
"https://ocw.mit.edu/courses/6-849-geometric-folding-algorithms-linkages-origami-polyhedra-fall-2012/","Geometric Folding Algorithms: Linkages, Origami, Polyhedra","Prof. Erik Demaine","Engineering, Computer Science, Algorithms and Data Structures, Fine Arts, Visual Arts, Mathematics, Topology and Geometry","Electrical Engineering and Computer Science","Lecture Videos, Problem Sets with Solutions, Projects, Instructor Insights","2012","6.849","Fall 2012","Graduate"
"https://ocw.mit.edu/courses/sts-081-innovation-systems-for-science-technology-energy-manufacturing-and-health-spring-2017/","Innovation Systems for Science, Technology, Energy, Manufacturing, and Health","William Bonvillian","Engineering, Systems Engineering, Social Science, Economics, Public Economics, Society","Science, Technology, and Society, Political Science","Lecture Videos, Written Assignments, Lecture Notes","2017","STS.081","Spring 2017","Undergraduate"
"https://ocw.mit.edu/courses/15-566-information-technology-as-an-integrating-force-in-manufacturing-spring-2003/","Information Technology as an Integrating Force in Manufacturing","Prof. Brian Subirana","Business, Information Technology, Operations Management","Sloan School of Management","Lecture Videos, Lecture Notes, Written Assignments","2003","15.566","Spring 2003","Graduate"
"https://ocw.mit.edu/courses/11-309j-sensing-place-photography-as-inquiry-fall-2012/","Sensing Place: Photography as Inquiry","Prof. Anne Whiston Spirn","Fine Arts, Architecture, Environmental Design, Visual Arts, Photography, Social Science, Urban Studies, Urban Planning","Urban Studies and Planning, Architecture","Lecture Videos, Written Assignments with Examples","2012","11.309J","Fall 2012","Graduate"
"https://ocw.mit.edu/courses/mas-771-autism-theory-and-technology-spring-2011/","Autism Theory and Technology","Prof. Rosalind W. Picard, Dr. Matthew Goodwin","Engineering, Computer Science, Human-Computer Interfaces, Health and Medicine, Mental Health, Social Science, Psychology, Teaching and Education, Educational Technology","Media Arts and Sciences","Projects, Lecture Videos","2011","MAS.771","Spring 2011","Graduate"
"https://ocw.mit.edu/courses/res-6-010-electronic-feedback-systems-spring-2013/","Electronic Feedback Systems","James Roberge","Engineering, Electrical Engineering, Electronics","Supplemental Resources","Lecture Videos, Online Textbook, Problem Sets with Solutions","2013","RES.6-010","Spring 2013","Undergraduate"
"https://ocw.mit.edu/courses/7-014-introductory-biology-spring-2005/","Introductory Biology","Prof. Graham Walker, Dr. Julia Khodor, Dr. Michelle Mischke, Prof. Penny Chisholm","Science, Biology","Biology","Lecture Videos, Problem Sets with Solutions, Exams with Solutions, Lecture Notes","2005","7.014","Spring 2005","Undergraduate"
"https://ocw.mit.edu/courses/18-650-statistics-for-applications-fall-2016/","Statistics for Applications ","Prof. Philippe Rigollet","Mathematics, Probability and Statistics","Mathematics","Lecture Notes, Lecture Videos, Problem Sets","2016","18.650","Fall 2016","Undergraduate"
"https://ocw.mit.edu/courses/18-s191-introduction-to-computational-thinking-fall-2022/","Introduction to Computational Thinking","Prof. Alan Edelman, Prof. David P. Sanders, Prof. Charles Leiserson","Energy, Climate, Engineering, Computer Science, Algorithms and Data Structures, Computer Design and Engineering, Computer Networks, Mathematics, Applied Mathematics, Computation","Mathematics, Civil and Environmental Engineering, Electrical Engineering and Computer Science, Earth, Atmospheric, and Planetary Sciences, Aeronautics and Astronautics, Nuclear Science and Engineering","Lecture Videos, Problem Sets, Programming Assignments","2022","18.S191","Fall 2022","Undergraduate"
"https://ocw.mit.edu/courses/15-356-how-to-develop-breakthrough-products-and-services-spring-2004/","How to Develop ""Breakthrough"" Products and Services","Prof. Eric von Hippel","Business, Entrepreneurship, Innovation, Marketing, Engineering, Systems Engineering, Systems Design","Sloan School of Management","Lecture Videos, Lecture Notes, Written Assignments","2004","15.356","Spring 2004","Graduate"
"https://ocw.mit.edu/courses/5-95j-teaching-college-level-science-and-engineering-spring-2009/","Teaching College-Level Science and Engineering","Sanjoy Mahajan","Engineering, Science, Teaching and Education, Curriculum and Teaching, Higher Education","Chemistry, Electrical Engineering and Computer Science, Biology, Physics, Mathematics","Lecture Videos, Problem Sets","2009","5.95J","Spring 2009","Graduate"
"https://ocw.mit.edu/courses/18-s997-introduction-to-matlab-programming-fall-2011/","Introduction To MATLAB Programming","Yossi Farjoun","Engineering, Computer Science, Programming Languages, Systems Engineering, Computational Modeling and Simulation, Mathematics, Applied Mathematics","Mathematics","Problem Sets, Lecture Videos, Online Textbook, Programming Assignments with Examples","2011","18.S997","Fall 2011","Undergraduate"
"https://ocw.mit.edu/courses/6-046j-introduction-to-algorithms-sma-5503-fall-2005/","Introduction to Algorithms (SMA 5503)","Prof. Charles Leiserson, Prof. Erik Demaine","Engineering, Computer Science, Algorithms and Data Structures","Electrical Engineering and Computer Science, Mathematics","Lecture Videos, Problem Sets with Solutions, Exams with Solutions, Lecture Notes, Programming Assignments with Examples","2005","6.046J","Fall 2005","Undergraduate"
"https://ocw.mit.edu/courses/21m-380-music-and-technology-contemporary-history-and-aesthetics-fall-2009/","Music and Technology (Contemporary History and Aesthetics)","Prof. Christopher Ariza","Fine Arts, Media Studies, Digital Media, Music, Music History, Music Theory","Music and Theater Arts","Lecture Videos, Music, Lecture Notes, Projects with Examples","2009","21M.380","Fall 2009","Undergraduate"
"https://ocw.mit.edu/courses/res-cms-502-competency-based-education-the-why-what-and-how-spring-2020/","Competency-Based Education: The Why, What, and How","Prof. Justin Reich, Elizabeth Huttner-Loan","Teaching and Education","Supplemental Resources","Lecture Videos, Activity Assignments","2020","RES.CMS-502","Spring 2020","Non Credit"
"https://ocw.mit.edu/courses/22-011-nuclear-engineering-science-systems-and-society-spring-2020/","Nuclear Engineering: Science, Systems and Society","Dr. Marina Dang, Prof. Michael Short, Prof. Anne E. White","Energy, Climate, Hydrogen and Alternatives, Nuclear, Technology, Social Science, Communication","Nuclear Science and Engineering","Instructor Insights, Lecture Notes, Lecture Videos","2020","22.011","Spring 2020","Undergraduate"
"https://ocw.mit.edu/courses/8-333-statistical-mechanics-i-statistical-mechanics-of-particles-fall-2013/","Statistical Mechanics I:  Statistical Mechanics of Particles","Prof. Mehran Kardar","Mathematics, Probability and Statistics, Science, Physics, Particle Physics, Quantum Mechanics, Thermodynamics","Physics","Lecture Videos, Problem Sets, Lecture Notes","2013","8.333","Fall 2013","Graduate"
"https://ocw.mit.edu/courses/res-16-001-lean-enterprise-en-espanol-january-iap-2012/","Lean Enterprise en Español","Earll Murman, Hugh McManus, Luis Fernando Alarcón Cardenas, Isabel Alarcón González","Business, Health Care Management, Leadership, Operations Management, Project Management","Supplemental Resources","Lecture Videos, Lecture Notes, Activity Assignments","2012","RES.16-001","January IAP 2012","Undergraduate"
"https://ocw.mit.edu/courses/18-01-single-variable-calculus-fall-2006/","Single Variable Calculus","Prof. David Jerison","Mathematics, Calculus, Differential Equations","Mathematics","Problem Sets, Exams with Solutions, Lecture Notes, Lecture Videos","2006","18.01","Fall 2006","Undergraduate"
"https://ocw.mit.edu/courses/2-830j-control-of-manufacturing-processes-sma-6303-spring-2008/","Control of Manufacturing Processes (SMA 6303)","Prof. David Hardt, Prof. Duane Boning","Engineering, Chemical Engineering, Process Control Systems, Mechanical Engineering, Microtechnology, Nanotechnology, Systems Engineering, Mathematics, Probability and Statistics","Mechanical Engineering, Electrical Engineering and Computer Science, Engineering Systems Division","Demonstration Videos, Problem Sets with Solutions, Exams with Solutions, Lecture Notes, Lecture Videos, Written Assignments with Examples","2008","2.830J","Spring 2008","Graduate"
"https://ocw.mit.edu/courses/pe-210-scuba-spring-2007/","SCUBA","Prof. Halston Taylor","Health and Medicine, Physical Education and Recreation","Athletics, Physical Education and Recreation","Lecture Videos, Demonstration Videos","2007","PE.210","Spring 2007","Undergraduate"
"https://ocw.mit.edu/courses/res-env-001-climate-action-hands-on-harnessing-science-with-communities-to-cut-carbon-january-iap-2017/","Climate Action Hands-On: Harnessing Science with Communities to Cut Carbon","David Damm-Luhr, Rajesh Kasturirangan, Zeyneb Magavi, Chris Nidel, Nathan Phillips, Audrey Schulman, Britta Voss, Jeff Warren, Ory Zik","Energy, Climate, Fossil Fuels, Engineering, Environmental Engineering, Environmental Management, Social Science, Public Administration, Environmental Policy","Supplemental Resources","Image Gallery, Lecture Videos, Workshop Videos, Video Materials, Lecture Notes","2017","RES.ENV-001","January IAP 2017","Non Credit"
"https://ocw.mit.edu/courses/7-016-introductory-biology-fall-2018/","Introductory Biology","Prof. Barbara Imperiali, Prof. Adam Martin, Dr. Diviya Ray","Health and Medicine, Cancer, Functional Genomics, Science, Biology, Biochemistry, Cell Biology, Genetics, Microbiology, Molecular Biology, Virology","Biology","Problem Sets with Solutions, Exams with Solutions, Lecture Videos","2018","7.016","Fall 2018","Undergraduate"
"https://ocw.mit.edu/courses/8-06-quantum-physics-iii-spring-2018/","Quantum Physics III","Prof. Barton Zwiebach","Science, Physics, Quantum Mechanics, Theoretical Physics","Physics","Lecture Videos, Problem Sets, Lecture Notes, Projects","2018","8.06","Spring 2018","Undergraduate"
"https://ocw.mit.edu/courses/10-34-numerical-methods-applied-to-chemical-engineering-fall-2015/","Numerical Methods Applied to Chemical Engineering","Prof. William Green, Jr., Prof. James W. Swan","Engineering, Chemical Engineering, Computer Science, Data Mining, Systems Engineering, Computational Modeling and Simulation, Mathematics, Applied Mathematics","Chemical Engineering","Lecture Notes, Programming Assignments, Lecture Videos, Exams with Solutions","2015","10.34","Fall 2015","Graduate"
"https://ocw.mit.edu/courses/6-041-probabilistic-systems-analysis-and-applied-probability-fall-2010/","Probabilistic Systems Analysis and Applied Probability","Prof. John Tsitsiklis","Engineering, Systems Engineering, Mathematics, Discrete Mathematics, Probability and Statistics","Electrical Engineering and Computer Science","Problem Sets with Solutions, Exams with Solutions, Lecture Videos","2010","6.041","Fall 2010","Undergraduate"
"https://ocw.mit.edu/courses/15-s21-nuts-and-bolts-of-business-plans-january-iap-2014/","Nuts and Bolts of Business Plans","Joseph Hadzima","Business, Entrepreneurship, Finance, Innovation, Management","Sloan School of Management","Lecture Videos, Written Assignments, Lecture Notes, Instructor Insights","2014","15.S21","January IAP 2014","Graduate"
"https://ocw.mit.edu/courses/18-086-mathematical-methods-for-engineers-ii-spring-2006/","Mathematical Methods for Engineers II","Prof. Gilbert Strang","Engineering, Systems Engineering, Computational Science and Engineering, Mathematics, Applied Mathematics, Differential Equations, Linear Algebra","Mathematics","Lecture Videos, Projects with Examples, Problem Sets with Solutions","2006","18.086","Spring 2006","Graduate"
"https://ocw.mit.edu/courses/21g-223-listening-speaking-and-pronunciation-fall-2004/","Listening, Speaking, and Pronunciation","Isaiah WonHo Yoo","Humanities, Language, English as a Second Language","Global Studies and Languages","Lecture Videos","2004","21G.223","Fall 2004","Undergraduate, Graduate"
"https://ocw.mit.edu/courses/6-003-signals-and-systems-fall-2011/","Signals and Systems","Prof. Dennis Freeman","Engineering, Electrical Engineering, Digital Systems, Signal Processing","Electrical Engineering and Computer Science","Lecture Videos, Problem Sets with Solutions, Exams with Solutions, Online Textbook, Lecture Notes","2011","6.003","Fall 2011","Undergraduate"
"https://ocw.mit.edu/courses/2-993-special-topics-in-mechanical-engineering-the-art-and-science-of-boat-design-january-iap-2007/","Special Topics in Mechanical Engineering: The Art and Science of Boat Design","Christopher Dewart, Kurt Hasselbalch, Prof. Nicholas Patrikalakis, Reuben Smith, Antonio Dias","Engineering, Mechanical Engineering, Mechanical Design, Ocean Engineering","Mechanical Engineering","Lecture Videos, Image Gallery","2007","2.993","January IAP 2007","Undergraduate"
"https://ocw.mit.edu/courses/21h-931-seminar-in-historical-methods-spring-2004/","Seminar in Historical Methods","Prof. Anne McCants","Humanities, History, Comparative History, Historical Methods, Historiography","History","Lecture Videos, Written Assignments with Examples","2004","21H.931","Spring 2004","Undergraduate"
"https://ocw.mit.edu/courses/6-02-introduction-to-eecs-ii-digital-communication-systems-fall-2012/","Introduction to EECS II: Digital Communication Systems","Prof. Hari Balakrishnan, Prof. George Verghese","Engineering, Computer Science, Computer Networks, Electrical Engineering, Digital Systems, Signal Processing, Telecommunications","Electrical Engineering and Computer Science","Problem Sets, Exams, Lecture Notes, Online Textbook, Lecture Videos","2012","6.02","Fall 2012","Undergraduate"
"https://ocw.mit.edu/courses/4-125-architecture-studio-building-in-landscapes-fall-2002/","Architecture Studio: Building in Landscapes","Prof. Jan Wampler","Fine Arts, Architecture, Architectural Design, Environmental Design","Architecture","Lecture Videos, Projects with Examples, Design Assignments with Examples","2002","4.125","Fall 2002","Undergraduate"
"https://ocw.mit.edu/courses/15-s50-how-to-win-at-texas-holdem-poker-january-iap-2016/","How to Win at Texas Hold'em Poker","Will Ma","Mathematics, Probability and Statistics","Sloan School of Management","Lecture Videos, Problem Sets with Solutions, Lecture Notes","2016","15.S50","January IAP 2016","Graduate"
"https://ocw.mit.edu/courses/11-954-community-owned-enterprise-and-civic-participation-spring-2005/","Community-Owned Enterprise and Civic Participation","Prof. J. Phillip Thompson","Social Science, Economics, Public Economics, Political Science, Public Administration, Public Policy, Sociology, Community Development","Urban Studies and Planning","Lecture Videos, Written Assignments","2005","11.954","Spring 2005","Graduate"
"https://ocw.mit.edu/courses/4-301-introduction-to-the-visual-arts-spring-2007/","Introduction to the Visual Arts","Prof. Joe Zane","Fine Arts, Visual Arts","Architecture","Lecture Videos, Image Gallery, Projects with Examples","2007","4.301","Spring 2007","Undergraduate"
"https://ocw.mit.edu/courses/6-451-principles-of-digital-communication-ii-spring-2005/","Principles of Digital Communication II","Prof. David Forney","Engineering, Electrical Engineering, Digital Systems, Telecommunications","Electrical Engineering and Computer Science","Lecture Videos, Problem Sets with Solutions, Exams with Solutions, Lecture Notes","2005","6.451","Spring 2005","Graduate"
"https://ocw.mit.edu/courses/4-303-the-production-of-space-art-architecture-and-urbanism-in-dialogue-fall-2006/","The Production of Space: Art, Architecture and Urbanism in Dialogue","Prof. Ute Meta Bauer","Fine Arts, Architecture, Environmental Design, Visual Arts, Social Science, Urban Studies","Architecture","Lecture Videos, Lecture Notes, Projects","2006","4.303","Fall 2006","Graduate"
"https://ocw.mit.edu/courses/15-401-finance-theory-i-fall-2008/","Finance Theory I","Prof. Andrew Lo","Business, Finance, Social Science, Economics, Financial Economics","Sloan School of Management","Exams with Solutions, Lecture Notes, Lecture Videos, Problem Sets with Solutions","2008","15.401","Fall 2008","Graduate"
"https://ocw.mit.edu/courses/6-912-introduction-to-copyright-law-january-iap-2006/","Introduction to Copyright Law","Keith Winstein","Social Science, Legal Studies","Electrical Engineering and Computer Science","Lecture Videos","2006","6.912","January IAP 2006","Undergraduate"
"https://ocw.mit.edu/courses/14-772-development-economics-macroeconomics-spring-2013/","Development Economics: Macroeconomics","Prof. Robert M. Townsend","Social Science, Economics, Developmental Economics, Econometrics, Macroeconomics, Microeconomics","Economics","Lecture Videos, Problem Sets with Solutions, Lecture Notes","2013","14.772","Spring 2013","Graduate"
"https://ocw.mit.edu/courses/24-261-philosophy-of-love-in-the-western-world-fall-2004/","Philosophy of Love in the Western World","Prof. Irving Singer","Humanities, Literature, Philosophy","Linguistics and Philosophy","Lecture Videos","2004","24.261","Fall 2004","Undergraduate"
"https://ocw.mit.edu/courses/res-15-003-shaping-the-future-of-work-15-662x-spring-2016/","Shaping the Future of Work (15.662x)","Prof. Thomas A. Kochan","Business, Industrial Relations and Human Resource Management, Social Science, Economics, Industrial Organization, Labor Economics, Public Administration, Social Welfare","Supplemental Resources","Lecture Videos, Online Textbook, Instructor Insights","2016","RES.15-003","Spring 2016","Graduate"
"https://ocw.mit.edu/courses/6-0001-introduction-to-computer-science-and-programming-in-python-fall-2016/","Introduction to Computer Science and Programming in Python","Dr. Ana Bell, Prof. Eric Grimson, Prof. John Guttag","Engineering, Computer Science, Algorithms and Data Structures, Programming Languages","Electrical Engineering and Computer Science","Problem Sets, Lecture Notes, Lecture Videos, Programming Assignments with Examples","2016","6.0001","Fall 2016","Undergraduate"
"https://ocw.mit.edu/courses/2-627-fundamentals-of-photovoltaics-fall-2013/","Fundamentals of Photovoltaics","Prof. Tonio Buonassisi","Business, Innovation, Energy, Electricity, Renewables, Engineering, Chemical Engineering, Transport Processes, Electrical Engineering, Electric Power, Materials Science and Engineering, Electronic Materials, Science, Physics, Atomic, Molecular, Optical Physics","Mechanical Engineering","Lecture Videos, Tutorial Videos, Problem Sets, Lecture Notes, Projects with Examples, Problem Sets with Solutions","2013","2.627","Fall 2013","Undergraduate"
"https://ocw.mit.edu/courses/8-422-atomic-and-optical-physics-ii-spring-2013/","Atomic and Optical Physics II","Prof. Wolfgang Ketterle","Science, Physics, Atomic, Molecular, Optical Physics","Physics","Lecture Videos, Problem Sets, Instructor Insights","2013","8.422","Spring 2013","Graduate"
"https://ocw.mit.edu/courses/18-06-linear-algebra-spring-2010/","Linear Algebra","Prof. Gilbert Strang","Mathematics, Linear Algebra","Mathematics","Lecture Videos, Problem Sets with Solutions, Exams with Solutions, Instructor Insights","2010","18.06","Spring 2010","Undergraduate"
"https://ocw.mit.edu/courses/6-858-computer-systems-security-fall-2014/","Computer Systems Security","Prof. Nickolai Zeldovich","Engineering, Computer Science, Computer Design and Engineering, Software Design and Engineering","Electrical Engineering and Computer Science","Lecture Videos, Exams with Solutions, Lecture Notes, Projects with Examples","2014","6.858","Fall 2014","Graduate"
"https://ocw.mit.edu/courses/es-s41-speak-italian-with-your-mouth-full-spring-2012/","Speak Italian With Your Mouth Full","Dr. Paola Rebusco, Graham Gordon Ramsay","Humanities, Language, Italian, Society, European and Russian Studies","Experimental Study Group","Lecture Videos, Activity Assignments, Instructor Insights","2012","ES.S41","Spring 2012","Undergraduate"
"https://ocw.mit.edu/courses/4-241j-theory-of-city-form-spring-2013/","Theory of City Form","Prof. Julian Beinart","Fine Arts, Architecture, Architectural Design, Social Science, Sociology, Community Development, Urban Studies","Architecture, Urban Studies and Planning","Lecture Videos, Lecture Notes, Written Assignments with Examples, Instructor Insights","2013","4.241J","Spring 2013","Graduate"
"https://ocw.mit.edu/courses/res-8-004-reducing-the-danger-of-nuclear-weapons-and-proliferation-january-iap-2015/","Reducing the Danger of Nuclear Weapons and Proliferation","Aron M Bernstein, Vipin Narang","Engineering, Nuclear Engineering, Nuclear Systems, Policy, and Economics, Humanities, History, History of Science and Technology, Military History, Social Science, Political Science, International Relations, Public Administration, Science and Technology Policy, Security Studies","Supplemental Resources","Lecture Videos, Lecture Notes","2015","RES.8-004","January IAP 2015","Graduate"
"https://ocw.mit.edu/courses/20-010j-introduction-to-bioengineering-be-010j-spring-2006/","Introduction to Bioengineering (BE.010J)","Prof. Douglas Lauffenburger, Prof. Paul T. Matsudaira, Biological Engineering Faculty, Prof. Angela M. Belcher","Engineering, Biological Engineering, Science, Biology, Cell Biology, Computation and Systems Biology, Molecular Biology","Biological Engineering, Mechanical Engineering, Electrical Engineering and Computer Science, Biology, Chemical Engineering","Lecture Videos, Lecture Notes","2006","20.010J","Spring 2006","Undergraduate"
"https://ocw.mit.edu/courses/res-18-008-calculus-revisited-complex-variables-differential-equations-and-linear-algebra-fall-2011/","Calculus Revisited: Complex Variables, Differential Equations, and Linear Algebra","Prof. Herbert Gross","Mathematics, Calculus, Differential Equations, Linear Algebra","Supplemental Resources","Lecture Videos, Problem Sets with Solutions, Lecture Notes","2011","RES.18-008","Fall 2011","Undergraduate"
"https://ocw.mit.edu/courses/21m-304-writing-in-tonal-forms-ii-spring-2009/","Writing in Tonal Forms II","Prof. Charles Shadle","Fine Arts, Music, Music History, Music Performance, Music Theory","Music and Theater Arts","Lecture Videos, Projects with Examples, Music, Media Assignments with Examples","2009","21M.304","Spring 2009","Undergraduate"
"https://ocw.mit.edu/courses/21m-342-composing-for-jazz-orchestra-fall-2008/","Composing for Jazz Orchestra","Dr. Mark Harvey","Fine Arts, Music, Music History, Music Performance, Music Theory","Music and Theater Arts","Lecture Videos, Projects with Examples, Music, Activity Assignments","2008","21M.342","Fall 2008","Undergraduate"
"https://ocw.mit.edu/courses/3-012sx-structure-of-materials-spring-2019/","Structure of Materials","Prof. Silvija Gradecak","Engineering, Materials Science and Engineering","Materials Science and Engineering","Lecture Videos, Exams with Solutions","2019","3.012Sx","Spring 2019","Undergraduate"
"https://ocw.mit.edu/courses/8-701-introduction-to-nuclear-and-particle-physics-fall-2020/","Introduction to Nuclear and Particle Physics","Prof. Markus  Klute","Science, Physics, Nuclear Physics, Particle Physics","Physics","Lecture Videos, Problem Sets with Solutions, Lecture Notes, Presentation Assignments","2020","8.701","Fall 2020","Graduate"
"https://ocw.mit.edu/courses/3-15x-electrical-optical-and-magnetic-materials-and-devices-spring-2020/","Electrical, Optical, and Magnetic Materials and Devices","Prof. Caroline Ross","Engineering, Electrical Engineering, Electronics, Materials Science and Engineering, Electronic Materials, Science, Physics, Electromagnetism","Materials Science and Engineering","Lecture Videos","2020","3.15x","Spring 2020","Undergraduate"
"https://ocw.mit.edu/courses/18-102-introduction-to-functional-analysis-spring-2021/","Introduction to Functional Analysis","Dr. Casey Rodriguez","Mathematics, Linear Algebra, Mathematical Analysis","Mathematics","Problem Sets, Exams, Lecture Notes, Lecture Videos","2021","18.102","Spring 2021","Undergraduate"
"https://ocw.mit.edu/courses/6-006-introduction-to-algorithms-spring-2020/","Introduction to Algorithms","Prof. Erik Demaine, Dr. Jason Ku, Prof. Justin Solomon","Engineering, Computer Science, Algorithms and Data Structures, Theory of Computation, Mathematics, Computation","Electrical Engineering and Computer Science","Lecture Videos, Problem Sets with Solutions, Exams with Solutions, Lecture Notes","2020","6.006","Spring 2020","Undergraduate"
"https://ocw.mit.edu/courses/14-13-psychology-and-economics-spring-2020/","Psychology and Economics","Prof. Frank Schilbach","Social Science, Economics, Psychology","Economics","Lecture Videos, Problem Sets with Solutions, Lecture Notes, Exams with Solutions","2020","14.13","Spring 2020","Undergraduate, Graduate"
"https://ocw.mit.edu/courses/18-100a-real-analysis-fall-2020/","Real Analysis","Dr. Casey Rodriguez","Mathematics, Calculus, Mathematical Analysis","Mathematics","Lecture Notes, Lecture Videos, Exams, Problem Sets","2020","18.100A","Fall 2020","Undergraduate, Graduate"
"https://ocw.mit.edu/courses/11-969-workshop-on-deliberative-democracy-and-dispute-resolution-summer-2005/","Workshop on Deliberative Democracy and Dispute Resolution","Prof. Carrie Menkel-Meadow, Prof. David Booher, Prof. John Forester, Prof. Judy Innes, Prof. Lawrence Susskind","Humanities, Philosophy, Political Philosophy, Social Science, Political Science, Public Administration, Public Policy","Urban Studies and Planning","Lecture Videos, Lecture Notes, Activity Assignments","2005","11.969","Summer 2005","Graduate"
"https://ocw.mit.edu/courses/18-02-multivariable-calculus-fall-2007/","Multivariable Calculus","Prof. Denis Auroux","Mathematics, Calculus, Differential Equations, Linear Algebra","Mathematics","Lecture Videos, Problem Sets, Exams with Solutions, Lecture Notes","2007","18.02","Fall 2007","Undergraduate"
"https://ocw.mit.edu/courses/3-091sc-introduction-to-solid-state-chemistry-fall-2010/","Introduction to Solid State Chemistry","Prof. Donald Sadoway","Engineering, Chemical Engineering, Materials Science and Engineering, Science, Chemistry","Materials Science and Engineering","Course Introduction, Exams with Solutions, Lecture Notes, Lecture Videos, Problem Sets with Solutions, Recitation Videos, Exams, Problem Sets, Exam Materials","2010","3.091SC","Fall 2010","Undergraduate"
"https://ocw.mit.edu/courses/6-s980-machine-learning-for-inverse-graphics-fall-2022/","Machine Learning for Inverse Graphics","Prof. Vincent Sitzmann","Engineering, Computer Science, Artificial Intelligence, Graphics and Visualization","Electrical Engineering and Computer Science","Lecture Notes, Lecture Videos, Programming Assignments","2022","6.S980","Fall 2022","Graduate"
"https://ocw.mit.edu/courses/res-21m-001-heavy-metal-101-january-iap-2123/","Heavy Metal 101","Joe Diaz","Fine Arts, Music, Music History, Music Theory","Music and Theater Arts, Supplemental Resources","Lecture Videos, Demonstration Audio","RES.21M-001","January IAP 2123","Non Credit"
"https://ocw.mit.edu/courses/15-084j-nonlinear-programming-spring-2004/","Nonlinear Programming","Prof. Robert Freund","Engineering, Systems Engineering, Systems Optimization, Mathematics, Applied Mathematics","Sloan School of Management, Electrical Engineering and Computer Science","Lecture Videos, Lecture Notes","2004","15.084J","Spring 2004","Graduate"
"https://ocw.mit.edu/courses/6-890-algorithmic-lower-bounds-fun-with-hardness-proofs-fall-2014/","Algorithmic Lower Bounds: Fun with Hardness Proofs","Prof. Erik Demaine","Engineering, Computer Science, Algorithms and Data Structures, Theory of Computation, Mathematics, Computation","Electrical Engineering and Computer Science","Lecture Videos, Problem Sets with Solutions, Lecture Notes, Projects, Instructor Insights","2014","6.890","Fall 2014","Graduate"
"https://ocw.mit.edu/courses/6-s095-programming-for-the-puzzled-january-iap-2018/","Programming for the Puzzled","Prof. Srini Devadas","Engineering, Computer Science, Algorithms and Data Structures, Programming Languages","Electrical Engineering and Computer Science","Lecture Videos, Programming Assignments with Examples","2018","6.S095","January IAP 2018","Undergraduate"
"https://ocw.mit.edu/courses/6-450-principles-of-digital-communications-i-fall-2006/","Principles of Digital Communications I","Prof. Lizhong Zheng, Prof. Robert Gallager","Engineering, Electrical Engineering, Digital Systems, Telecommunications","Electrical Engineering and Computer Science","Lecture Videos, Problem Sets, Exams with Solutions, Lecture Notes","2006","6.450","Fall 2006","Graduate"
"https://ocw.mit.edu/courses/6-s191-introduction-to-deep-learning-january-iap-2020/","Introduction to Deep Learning","Alexander Amini, Ava Soleimany","Engineering, Computer Science, Artificial Intelligence, Graphics and Visualization, Software Design and Engineering","Electrical Engineering and Computer Science","Lecture Videos","2020","6.S191","January IAP 2020","Undergraduate"
"https://ocw.mit.edu/courses/9-13-the-human-brain-spring-2019/","The Human Brain","Prof. Nancy Kanwisher","Health and Medicine, Sensory-Neural Systems, Science, Biology, Neuroscience, Cognitive Science","Brain and Cognitive Sciences","Lecture Videos, Written Assignments, Lecture Notes, Instructor Insights","2019","9.13","Spring 2019","Undergraduate"
"https://ocw.mit.edu/courses/res-21g-506-kanji-learning-any-time-any-place-for-japanese-vi-spring-2021/","Kanji Learning Any Time, Any Place for Japanese VI","Dr. Takako Aikawa, Dr. Meghan Perdue","Humanities, Language, Japanese","Supplemental Resources","Lecture Videos","2021","RES.21G-506","Spring 2021","Undergraduate"
"https://ocw.mit.edu/courses/6-042j-mathematics-for-computer-science-spring-2015/","Mathematics for Computer Science","Prof. Albert R. Meyer, Prof. Adam Chlipala","Engineering, Computer Science, Mathematics, Applied Mathematics, Probability and Statistics","Electrical Engineering and Computer Science, Mathematics","Online Textbook, Lecture Videos, Lecture Notes, Problem Sets, Exams","2015","6.042J","Spring 2015","Undergraduate"
"https://ocw.mit.edu/courses/11-382-water-diplomacy-spring-2021/","Water Diplomacy","Dr. Animesh Gain, Prof. Lawrence Susskind","Engineering, Environmental Engineering, Hydrology and Water Resource Systems, Social Science, Political Science, International Relations, Society, The Developing World","Urban Studies and Planning","Written Assignments with Examples, Lecture Videos, Presentation Assignments with Examples","2021","11.382","Spring 2021","Graduate"
"https://ocw.mit.edu/courses/8-20-introduction-to-special-relativity-january-iap-2021/","Introduction to Special Relativity","Prof. Markus  Klute","Science, Physics, Relativity","Physics","Lecture Videos, Problem Sets with Solutions, Exams with Solutions","2021","8.20","January IAP 2021","Undergraduate"
"https://ocw.mit.edu/courses/hst-936x-global-health-informatics-to-improve-quality-of-care-spring-2020/","Global Health Informatics to Improve Quality of Care","Dr. Ken Paik, Dr. Leo A Celi, Juan Sebastián Osorio","Business, Health Care Management, Information Technology, Engineering, Computer Science, Software Design and Engineering, Systems Engineering, Systems Design, Health and Medicine, Public Health","Health Sciences and Technology","Course Introduction, Lecture Videos","2020","HST.936x","Spring 2020",""
"https://ocw.mit.edu/courses/14-04-intermediate-microeconomic-theory-fall-2020/","Intermediate Microeconomic Theory ","Prof. Robert M. Townsend","Social Science, Economics, Microeconomics","Economics","Exams with Solutions, Lecture Videos, Readings, Problem Sets","2020","14.04","Fall 2020","Undergraduate"
"https://ocw.mit.edu/courses/18-s190-introduction-to-computational-thinking-with-julia-with-applications-to-modeling-the-covid-19-pandemic-spring-2020/","Introduction to Computational Thinking with Julia, with Applications to Modeling the COVID-19 Pandemic","Prof. Alan Edelman, Prof. David P. Sanders","Engineering, Computer Science, Algorithms and Data Structures, Computer Design and Engineering, Computer Networks, Mathematics, Applied Mathematics, Computation","Mathematics, Electrical Engineering and Computer Science","Lecture Videos, Problem Sets","2020","18.S190","Spring 2020","Undergraduate"
"https://ocw.mit.edu/courses/sts-050-the-history-of-mit-spring-2011/","The History of MIT","Prof. David Mindell, Prof. Merritt Roe Smith","Humanities, History, American History, History of Science and Technology, Modern History, Teaching and Education, Higher Education","Science, Technology, and Society","Lecture Videos, Written Assignments","2011","STS.050","Spring 2011","Undergraduate"
"https://ocw.mit.edu/courses/6-s897-machine-learning-for-healthcare-spring-2019/","Machine Learning for Healthcare","Prof. Peter Szolovits, Prof. David Sontag","Engineering, Computer Science, Artificial Intelligence, Human-Computer Interfaces, Health and Medicine, Medical Imaging, Public Health","Electrical Engineering and Computer Science, Health Sciences and Technology","Lecture Videos, Lecture Notes, Projects","2019","6.S897","Spring 2019","Graduate"
"https://ocw.mit.edu/courses/11-945-springfield-studio-fall-2005/","Springfield Studio","Prof. Ceasar McDowell, Prof. Karl Seidman","Social Science, Economics, Developmental Economics, Public Administration, Public Policy, Sociology, Community Development, Urban Studies, Regional Planning, Urban Planning","Urban Studies and Planning","Lecture Videos, Image Gallery, Lecture Notes, Written Assignments with Examples, Projects with Examples","2005","11.945","Fall 2005","Graduate"
"https://ocw.mit.edu/courses/res-ec-001-exploring-fairness-in-machine-learning-for-international-development-spring-2020/","Exploring Fairness in Machine Learning for International Development","Dr. Richard Fletcher, Prof. Daniel Frey, Dr. Mike Teodorescu, Amit Gandhi, Audace Nakeshimana","Engineering, Computer Science, Artificial Intelligence, Teaching and Education, Curriculum and Teaching","Supplemental Resources","Lecture Videos","2020","RES.EC-001","Spring 2020","Non Credit"
"https://ocw.mit.edu/courses/15-s08-fintech-shaping-the-financial-world-spring-2020/","FinTech: Shaping the Financial World ","Prof. Gary Gensler","Business, Finance, Information Technology, Innovation, Engineering, Computer Science, Artificial Intelligence","Sloan School of Management","Lecture Videos, Lecture Notes, Written Assignments, Instructor Insights","2020","15.S08","Spring 2020","Graduate"
"https://ocw.mit.edu/courses/6-042j-mathematics-for-computer-science-fall-2010/","Mathematics for Computer Science","Prof. Tom Leighton, Dr. Marten van Dijk","Engineering, Computer Science, Mathematics, Applied Mathematics, Discrete Mathematics, Probability and Statistics","Electrical Engineering and Computer Science, Mathematics","Problem Sets, Exams with Solutions, Lecture Videos","2010","6.042J","Fall 2010","Undergraduate"
"https://ocw.mit.edu/courses/18-02sc-multivariable-calculus-fall-2010/","Multivariable Calculus","Prof. Denis Auroux","Mathematics, Calculus, Differential Equations, Linear Algebra","Mathematics","Simulations, Exams with Solutions, Problem Sets with Solutions, Lecture Videos, Lecture Notes","2010","18.02SC","Fall 2010","Undergraduate"
"https://ocw.mit.edu/courses/21a-550j-dv-lab-documenting-science-through-video-and-new-media-fall-2012/","DV Lab: Documenting Science Through Video and New Media","Prof. Christine Walley, Chris Boebel","Engineering, Fine Arts, Media Studies, Visual Arts, Film and Video, Science, Social Science, Anthropology","Anthropology, Science, Technology, and Society","Projects with Examples, Lecture Videos, Written Assignments","2012","21A.550J","Fall 2012","Undergraduate"
"https://ocw.mit.edu/courses/11-401-introduction-to-housing-community-and-economic-development-fall-2015/","Introduction to Housing, Community, and Economic Development","Prof. J. Phillip Thompson, Prof. Justin Steil","Social Science, Economics, Public Administration, Sociology, Community Development, Urban Studies, Housing Development, Urban Planning","Urban Studies and Planning","Lecture Notes, Lecture Videos, Written Assignments with Examples","2015","11.401","Fall 2015","Graduate"
"https://ocw.mit.edu/courses/7-012-introduction-to-biology-fall-2004/","Introduction to Biology","Dr. Claudette Gardel, Prof. Eric Lander, Prof. Robert Weinberg, Prof. Andrew Chess","Science, Biology","Biology","Lecture Videos, Problem Sets with Solutions, Exams with Solutions, Lecture Notes","2004","7.012","Fall 2004","Undergraduate"
"https://ocw.mit.edu/courses/16-885j-aircraft-systems-engineering-fall-2005/","Aircraft Systems Engineering","Prof. Jeffrey Hoffman","Business, Project Management, Engineering, Aerospace Engineering, Systems Engineering","Aeronautics and Astronautics, Engineering Systems Division","Lecture Videos, Image Gallery, Demonstration Videos, Lecture Notes, Projects, Instructor Insights","2005","16.885J","Fall 2005","Graduate"
"https://ocw.mit.edu/courses/6-046j-design-and-analysis-of-algorithms-spring-2015/","Design and Analysis of Algorithms","Prof. Erik Demaine, Prof. Srini Devadas, Prof. Nancy Lynch","Engineering, Computer Science, Algorithms and Data Structures, Computer Networks, Cryptography, Mathematics, Applied Mathematics","Electrical Engineering and Computer Science, Mathematics","Lecture Videos, Recitation Videos, Problem Sets with Solutions, Exams with Solutions, Lecture Notes, Instructor Insights","2015","6.046J","Spring 2015","Undergraduate"
"https://ocw.mit.edu/courses/esd-051j-engineering-innovation-and-design-fall-2012/","Engineering Innovation and Design","Blade Kotelly, Prof. Joel  E  Schindall","Business, Innovation, Project Management, Engineering, Systems Engineering, Systems Design","Engineering Systems Division, Electrical Engineering and Computer Science","Projects, Lecture Videos, Activity Assignments, Design Assignments, Instructor Insights","2012","ESD.051J","Fall 2012","Undergraduate"
"https://ocw.mit.edu/courses/18-03-differential-equations-spring-2010/","Differential Equations","Prof. Haynes Miller, Prof. Arthur Mattuck","Mathematics, Differential Equations, Linear Algebra","Mathematics","Lecture Videos, Simulations, Lecture Notes, Problem Sets with Solutions","2010","18.03","Spring 2010","Undergraduate"
"https://ocw.mit.edu/courses/5-61-physical-chemistry-fall-2017/","Physical Chemistry","Prof. Robert Field","Science, Chemistry, Physical Chemistry","Chemistry","Lecture Videos, Exams with Solutions, Lecture Notes, Problem Sets with Solutions","2017","5.61","Fall 2017","Undergraduate"
"https://ocw.mit.edu/courses/6-262-discrete-stochastic-processes-spring-2011/","Discrete Stochastic Processes","Prof. Robert Gallager","Mathematics, Discrete Mathematics, Probability and Statistics","Electrical Engineering and Computer Science","Problem Sets with Solutions, Exams with Solutions, Online Textbook, Lecture Videos","2011","6.262","Spring 2011","Graduate"
"https://ocw.mit.edu/courses/6-002-circuits-and-electronics-spring-2007/","Circuits and Electronics","Prof. Anant Agarwal","Engineering, Electrical Engineering, Electronics","Electrical Engineering and Computer Science","Lecture Videos, Simulations, Problem Sets, Exams","2007","6.002","Spring 2007","Undergraduate"
"https://ocw.mit.edu/courses/6-851-advanced-data-structures-spring-2012/","Advanced Data Structures","Prof. Erik Demaine","Engineering, Computer Science, Algorithms and Data Structures","Electrical Engineering and Computer Science","Lecture Videos, Problem Sets with Solutions, Lecture Notes, Instructor Insights","2012","6.851","Spring 2012","Graduate"
"https://ocw.mit.edu/courses/16-660j-introduction-to-lean-six-sigma-methods-january-iap-2012/","Introduction to Lean Six Sigma Methods","Earll Murman, Hugh McManus, Prof. Annalisa Weigel, Dr. Bo Madsen","Business, Health Care Management, Leadership, Operations Management, Organizational Behavior, Project Management, Engineering, Aerospace Engineering, Systems Engineering, Systems Optimization","Aeronautics and Astronautics, Engineering Systems Division","Lecture Videos, Lecture Notes, Instructor Insights","2012","16.660J","January IAP 2012","Undergraduate"
"https://ocw.mit.edu/courses/3-054-cellular-solids-structure-properties-and-applications-spring-2015/","Cellular Solids: Structure, Properties and Applications","Lorna Gibson","Engineering, Biological Engineering, Cell and Tissue Engineering, Materials Science and Engineering, Mechanical Engineering","Materials Science and Engineering","Lecture Notes, Projects with Examples, Lecture Videos, Other Video, Course Introduction, Instructor Insights","2015","3.054","Spring 2015","Undergraduate, Graduate"
"https://ocw.mit.edu/courses/5-60-thermodynamics-kinetics-spring-2008/","Thermodynamics & Kinetics","Prof. Keith A. Nelson, Prof. Moungi Bawendi","Science, Chemistry, Physical Chemistry, Physics, Classical Mechanics, Thermodynamics","Chemistry","Lecture Videos, Exams, Lecture Notes","2008","5.60","Spring 2008","Undergraduate"
"https://ocw.mit.edu/courses/24-264-film-as-visual-and-literary-mythmaking-fall-2005/","Film as Visual and Literary Mythmaking","Prof. Irving Singer","Fine Arts, Visual Arts, Film and Video, Humanities, Literature, Philosophy","Linguistics and Philosophy","Lecture Videos","2005","24.264","Fall 2005","Undergraduate"
"https://ocw.mit.edu/courses/2-57-nano-to-macro-transport-processes-spring-2012/","Nano-to-Macro Transport Processes","Prof. Gang Chen","Energy, Technology, Engineering, Mechanical Engineering, Nanotechnology, Science, Physics, Quantum Mechanics","Mechanical Engineering","Lecture Videos, Problem Sets, Exams, Lecture Notes, Projects with Examples","2012","2.57","Spring 2012","Graduate"
"https://ocw.mit.edu/courses/18-085-computational-science-and-engineering-i-fall-2008/","Computational Science and Engineering I","Prof. Gilbert Strang","Engineering, Systems Engineering, Computational Science and Engineering, Mathematics, Applied Mathematics, Differential Equations, Linear Algebra","Mathematics","Lecture Videos, Problem Sets with Solutions, Exams with Solutions, Course Introduction, Programming Assignments","2008","18.085","Fall 2008","Graduate"
"https://ocw.mit.edu/courses/esd-s43-green-supply-chain-management-spring-2014/","Green Supply Chain Management","Dr. Edgar Blanco, Dr. Alexis Bateman, Prof. Anthony Craig","Business, Supply Chain Management, Science, Earth Science, Sustainability, Social Science, Public Administration, Environmental Policy","Engineering Systems Division","Lecture Videos, Problem Sets, Lecture Notes, Projects, Instructor Insights","2014","ESD.S43","Spring 2014","Graduate"
"https://ocw.mit.edu/courses/24-908-creole-languages-and-caribbean-identities-spring-2017/","Creole Languages and Caribbean Identities","Prof. Michel DeGraff","Humanities, Linguistics, Society, Latin and Caribbean Studies","Linguistics and Philosophy","Lecture Videos, Written Assignments, Presentation Assignments with Examples, Instructor Insights","2017","24.908","Spring 2017","Undergraduate"
"https://ocw.mit.edu/courses/16-842-fundamentals-of-systems-engineering-fall-2015/","Fundamentals of Systems Engineering","Prof. Olivier de Weck","Engineering, Aerospace Engineering, Systems Engineering","Aeronautics and Astronautics","Lecture Notes, Design Assignments, Written Assignments, Lecture Videos, Instructor Insights","2015","16.842","Fall 2015","Graduate"
"https://ocw.mit.edu/courses/8-962-general-relativity-spring-2020/","General Relativity","Prof. Scott Hughes","Science, Physics, Relativity","Physics","Lecture Videos, Problem Sets","2020","8.962","Spring 2020","Graduate"
"https://ocw.mit.edu/courses/5-80-small-molecule-spectroscopy-and-dynamics-fall-2008/","Small-Molecule Spectroscopy and Dynamics","Prof. Robert Field","Health and Medicine, Spectroscopy, Science, Chemistry, Physical Chemistry, Physics, Quantum Mechanics","Chemistry","Problem Sets with Solutions, Exams, Lecture Notes, Lecture Videos","2008","5.80","Fall 2008","Graduate"
"https://ocw.mit.edu/courses/6-0002-introduction-to-computational-thinking-and-data-science-fall-2016/","Introduction to Computational Thinking and Data Science","Prof. Eric Grimson, Prof. John Guttag, Dr. Ana Bell","Engineering, Computer Science, Mathematics, Probability and Statistics","Electrical Engineering and Computer Science","Lecture Videos, Problem Sets, Lecture Notes, Programming Assignments","2016","6.0002","Fall 2016","Undergraduate"
"https://ocw.mit.edu/courses/15-969-dynamic-leadership-using-improvisation-in-business-fall-2004/","Dynamic Leadership: Using Improvisation in Business","Prof. Lakshmi Balachandra","Business, Innovation, Leadership, Management, Social Science, Communication","Sloan School of Management","Lecture Videos, Lecture Notes, Presentation Assignments","2004","15.969","Fall 2004","Graduate"
"https://ocw.mit.edu/courses/res-tll-005-how-to-speak-january-iap-2018/","How to Speak","Patrick Henry Winston","Teaching and Education, Curriculum and Teaching, Educational Technology","Supplemental Resources","Lecture Videos","2018","RES.TLL-005","January IAP 2018","Non Credit"
"https://ocw.mit.edu/courses/11-948-the-politics-of-reconstructing-iraq-spring-2005/","The Politics of Reconstructing Iraq","Prof. Yosef Jabareen","Social Science, Economics, International Development, Political Science, International Relations, Public Administration, Security Studies, Urban Studies, Regional Planning, Society, Middle Eastern Studies","Urban Studies and Planning","Lecture Videos, Lecture Notes, Projects with Examples","2005","11.948","Spring 2005","Graduate"
"https://ocw.mit.edu/courses/res-21g-001-the-user-friendly-classroom-fall-2020/","The User-friendly Classroom","A. C. Kemp","Society, Teaching and Education, Curriculum and Teaching","Supplemental Resources","Lecture Videos, Written Assignments, Instructor Insights","2020","RES.21G-001","Fall 2020","Graduate"
"https://ocw.mit.edu/courses/6-004-computation-structures-spring-2017/","Computation Structures","Chris Terman","Engineering, Computer Science, Computer Design and Engineering, Electrical Engineering, Digital Systems","Electrical Engineering and Computer Science","Lecture Videos, Programming Assignments with Examples, Lecture Notes","2017","6.004","Spring 2017","Undergraduate"
"https://ocw.mit.edu/courses/15-031j-energy-decisions-markets-and-policies-spring-2012/","Energy Decisions, Markets, and Policies","Prof. Richard Schmalensee","Business, Globalization, Energy, Social Science, Economics, International Economics, Public Administration, Science and Technology Policy","Sloan School of Management, Economics, Anthropology, Urban Studies and Planning","Lecture Videos, Lecture Notes, Written Assignments, Instructor Insights","2012","15.031J","Spring 2012","Undergraduate"
"https://ocw.mit.edu/courses/6-01sc-introduction-to-electrical-engineering-and-computer-science-i-spring-2011/","Introduction to Electrical Engineering and Computer Science I","Prof. Leslie Kaelbling, Prof. Jacob White, Prof. Harold Abelson, Prof. Dennis Freeman, Prof. Tomás Lozano-Pérez, Prof. Isaac Chuang","Engineering, Computer Science, Artificial Intelligence, Software Design and Engineering, Electrical Engineering, Robotics and Control Systems","Electrical Engineering and Computer Science","Lecture Videos, Recitation Videos, Problem Sets, Exams with Solutions, Lecture Notes, Online Textbook, Instructor Insights","2011","6.01SC","Spring 2011","Undergraduate"
"https://ocw.mit.edu/courses/21m-355-musical-improvisation-spring-2013/","Musical Improvisation","Dr. Mark Harvey, Tom Hall","Fine Arts, Music","Music and Theater Arts","Lecture Videos, Other Video, Projects with Examples, Design Assignments, Written Assignments, Instructor Insights","2013","21M.355","Spring 2013","Undergraduate"
"https://ocw.mit.edu/courses/21l-448j-darwin-and-design-fall-2010/","Darwin and Design","Prof. James Paradis","Humanities, History, Intellectual History, Literature, Philosophy, Metaphysics, Science, Cognitive Science","Literature","Lecture Videos, Written Assignments","2010","21L.448J","Fall 2010","Undergraduate"
"https://ocw.mit.edu/courses/5-95j-teaching-college-level-science-and-engineering-fall-2015/","Teaching College-Level Science and Engineering","Dr. Janet Rankin","Engineering, Teaching and Education, Curriculum and Teaching, Education Policy, Educational Technology, Higher Education","Chemistry, Electrical Engineering and Computer Science, Biology, Physics, Mathematics, Civil and Environmental Engineering, Mechanical Engineering","Lecture Videos, Activity Assignments, Written Assignments, Instructor Insights","2015","5.95J","Fall 2015","Graduate"
"https://ocw.mit.edu/courses/5-74-introductory-quantum-mechanics-ii-spring-2009/","Introductory Quantum Mechanics II","Prof. Andrei Tokmakoff","Health and Medicine, Spectroscopy, Science, Physics, Quantum Mechanics","Chemistry","Problem Sets, Lecture Notes, Lecture Videos","2009","5.74","Spring 2009","Graduate"
"https://ocw.mit.edu/courses/8-04-quantum-physics-i-spring-2016/","Quantum Physics I","Prof. Barton Zwiebach","Science, Physics, Quantum Mechanics","Physics","Lecture Videos, Problem Sets, Exams, Lecture Notes","2016","8.04","Spring 2016","Undergraduate"
"https://ocw.mit.edu/courses/18-06sc-linear-algebra-fall-2011/","Linear Algebra","Prof. Gilbert Strang","Mathematics, Linear Algebra","Mathematics","Lecture Videos, Exams with Solutions, Lecture Notes, Recitation Videos, Problem Sets with Solutions, Simulations, Course Introduction, Instructor Insights","2011","18.06SC","Fall 2011","Undergraduate"
"https://ocw.mit.edu/courses/18-01sc-single-variable-calculus-fall-2010/","Single Variable Calculus","Prof. David Jerison","Mathematics, Calculus, Differential Equations","Mathematics","Exams with Solutions, Lecture Notes, Lecture Videos, Problem Sets with Solutions, Simulations","2010","18.01SC","Fall 2010","Undergraduate"
"https://ocw.mit.edu/courses/24-912-black-matters-introduction-to-black-studies-spring-2017/","Black Matters: Introduction to Black Studies","Prof. Michel DeGraff","Humanities, Language, Literature, Philosophy, Society, African American Studies","Linguistics and Philosophy, Women's and Gender Studies, History, Literature, Comparative Media Studies/Writing, Music and Theater Arts, Anthropology","Written Assignments, Presentation Assignments with Examples, Lecture Videos, Instructor Insights","2017","24.912","Spring 2017","Undergraduate"
"https://ocw.mit.edu/courses/8-591j-systems-biology-fall-2014/","Systems Biology","Prof. Jeff Gore","Engineering, Biological Engineering, Synthetic Biology, Science, Biology, Cell Biology, Computation and Systems Biology, Physics","Physics, Biology","Problem Sets, Exams, Lecture Videos, Instructor Insights","2014","8.591J","Fall 2014","Graduate, Undergraduate"
"https://ocw.mit.edu/courses/6-172-performance-engineering-of-software-systems-fall-2018/","Performance Engineering of Software Systems","Prof. Charles Leiserson, Prof. Julian Shun","Engineering, Computer Science, Algorithms and Data Structures, Software Design and Engineering, Systems Engineering, Systems Optimization","Electrical Engineering and Computer Science","Lecture Videos, Programming Assignments, Projects, Lecture Notes, Exams with Solutions","2018","6.172","Fall 2018","Undergraduate"
"https://ocw.mit.edu/courses/18-065-matrix-methods-in-data-analysis-signal-processing-and-machine-learning-spring-2018/","Matrix Methods in Data Analysis, Signal Processing, and Machine Learning","Prof. Gilbert Strang","Engineering, Electrical Engineering, Signal Processing, Mathematics, Applied Mathematics, Computation, Linear Algebra","Mathematics","Lecture Videos, Problem Sets, Instructor Insights","2018","18.065","Spring 2018","Undergraduate"
"https://ocw.mit.edu/courses/4-370-interrogative-design-workshop-fall-2005/","Interrogative Design Workshop","Prof. Krzysztof Wodiczko","Fine Arts, Art History, Media Studies, Visual Arts","Architecture","Lecture Videos, Image Gallery","2005","4.370","Fall 2005","Graduate"
"https://ocw.mit.edu/courses/hst-s14-health-information-systems-to-improve-quality-of-care-in-resource-poor-settings-spring-2012/","Health Information Systems to Improve Quality of Care in Resource-Poor Settings","Dr. Leo A Celi, Dr. Hamish Fraser, Prof. Peter Szolovits, Dr. Ken Paik","Business, Health Care Management, Information Technology, Innovation, Health and Medicine, Public Health, Social Science, Economics, International Development","Health Sciences and Technology","Lecture Videos, Lecture Notes, Projects with Examples","2012","HST.S14","Spring 2012","Graduate, Undergraduate"
"https://ocw.mit.edu/courses/5-08j-biological-chemistry-ii-spring-2016/","Biological Chemistry II","Prof. Joanne Stubbe, Prof. Elizabeth Nolan","Science, Biology, Biochemistry, Structural Biology, Chemistry","Chemistry, Biology","Lecture Videos, Recitation Videos, Problem Sets with Solutions, Exams with Solutions","2016","5.08J","Spring 2016","Undergraduate"
"https://ocw.mit.edu/courses/res-3-003-learn-to-build-your-own-videogame-with-the-unity-game-engine-and-microsoft-kinect-january-iap-2017/","Learn to Build Your Own Videogame with the Unity Game Engine and Microsoft Kinect","Kyle Keane, Andrew Ringler, Abhinav Gandhi, Mark Vrablic","Engineering, Computer Science, Graphics and Visualization, Software Design and Engineering, Fine Arts, Game Design, Media Studies, Digital Media","Supplemental Resources","Demonstration Videos, Tutorial Videos, Projects with Examples, Lecture Videos, Instructor Insights","2017","RES.3-003","January IAP 2017","Undergraduate"
"https://ocw.mit.edu/courses/res-18-010-a-2020-vision-of-linear-algebra-spring-2020/","A 2020 Vision of Linear Algebra","Prof. Gilbert Strang","Mathematics, Linear Algebra","Supplemental Resources","Lecture Videos, Online Textbook","2020","RES.18-010","Spring 2020","Undergraduate"
"https://ocw.mit.edu/courses/ec-711-d-lab-energy-spring-2011/","D-Lab: Energy","Amy Banzaert, Amit Gandhi","Energy, Engineering, Electrical Engineering, Electric Power, Science, Earth Science, Sustainability, Society, The Developing World","Edgerton Center","Problem Sets, Projects with Examples, Lecture Videos, Demonstration Videos, Activity Assignments, Design Assignments with Examples, Presentation Assignments with Examples","2011","EC.711","Spring 2011","Undergraduate"
"https://ocw.mit.edu/courses/6-006-introduction-to-algorithms-fall-2011/","Introduction to Algorithms","Prof. Erik Demaine, Prof. Srini Devadas","Engineering, Computer Science, Algorithms and Data Structures","Electrical Engineering and Computer Science","Lecture Videos, Recitation Videos, Problem Sets with Solutions, Exams with Solutions, Programming Assignments with Examples, Lecture Notes","2011","6.006","Fall 2011","Undergraduate"
"https://ocw.mit.edu/courses/6-370-the-battlecode-programming-competition-january-iap-2013/","The Battlecode Programming Competition","Maxwell Mann","Engineering, Computer Science, Artificial Intelligence, Programming Languages, Fine Arts, Game Design","Electrical Engineering and Computer Science","Lecture Videos","2013","6.370","January IAP 2013","Undergraduate"
"https://ocw.mit.edu/courses/res-18-007-calculus-revisited-multivariable-calculus-fall-2011/","Calculus Revisited: Multivariable Calculus","Prof. Herbert Gross","Mathematics, Calculus, Differential Equations","Supplemental Resources","Lecture Videos, Lecture Notes, Problem Sets with Solutions","2011","RES.18-007","Fall 2011","Undergraduate"
"https://ocw.mit.edu/courses/7-91j-foundations-of-computational-and-systems-biology-spring-2014/","Foundations of Computational and Systems Biology","Prof. Christopher Burge, Prof. David Gifford, Prof. Ernest Fraenkel","Engineering, Biological Engineering, Computational Biology, Systems Engineering, Computational Modeling and Simulation, Science, Biology, Computation and Systems Biology","Biology, Biological Engineering, Electrical Engineering and Computer Science, Health Sciences and Technology","Lecture Videos, Lecture Notes, Projects, Programming Assignments with Examples, Presentation Assignments, Written Assignments, Instructor Insights","2014","7.91J","Spring 2014","Graduate"
"https://ocw.mit.edu/courses/8-334-statistical-mechanics-ii-statistical-physics-of-fields-spring-2014/","Statistical Mechanics II: Statistical Physics of Fields","Prof. Mehran Kardar","Mathematics, Probability and Statistics, Science, Physics, Theoretical Physics, Thermodynamics","Physics","Problem Sets, Exams, Lecture Notes, Lecture Videos, Instructor Insights","2014","8.334","Spring 2014","Graduate"
"https://ocw.mit.edu/courses/8-224-exploring-black-holes-general-relativity-astrophysics-spring-2003/","Exploring Black Holes: General Relativity & Astrophysics","Prof. Edmund Bertschinger, Prof. Edwin F. Taylor","Science, Physics, Astrophysics, Relativity","Physics","Lecture Videos, Exams, Problem Sets","2003","8.224","Spring 2003","Undergraduate"
"https://ocw.mit.edu/courses/res-6-007-signals-and-systems-spring-2011/","Signals and Systems","Prof. Alan V. Oppenheim","Engineering, Electrical Engineering, Digital Systems, Signal Processing, Systems Engineering, Computational Modeling and Simulation","Supplemental Resources","Problem Sets with Solutions, Lecture Notes, Lecture Videos","2011","RES.6-007","Spring 2011","Undergraduate"
"https://ocw.mit.edu/courses/8-851-effective-field-theory-spring-2013/","Effective Field Theory","Prof. Iain Stewart","Science, Physics, Particle Physics","Physics","Lecture Videos, Lecture Notes, Problem Sets, Projects","2013","8.851","Spring 2013","Graduate"
"https://ocw.mit.edu/courses/2-71-optics-spring-2009/","Optics","Prof. George Barbastathis, Prof. Colin Sheppard, Dr. Se Baek Oh","Science, Physics, Atomic, Molecular, Optical Physics, Electromagnetism, Quantum Mechanics","Mechanical Engineering","Lecture Videos, Problem Sets with Solutions, Exams with Solutions, Projects with Examples, Lecture Notes","2009","2.71","Spring 2009","Undergraduate, Graduate"
"https://ocw.mit.edu/courses/res-21g-505-kanji-learning-any-time-any-place-for-japanese-v-spring-2022/","Kanji Learning Any Time, Any Place for Japanese V","Dr. Takako Aikawa, Dr. Meghan Perdue","Humanities, Language, Japanese","Supplemental Resources, Global Studies and Languages","Lecture Videos","2022","RES.21G-505","Spring 2022","Undergraduate"
"https://ocw.mit.edu/courses/res-7-006-7-03x-genetics/","7.03x Genetics","Prof. Michael Hemann, Prof. Peter Reddien, Dr. Mary Ellen Wiltrout, Dr. Darcy Gordon, Dr. Caitlin Friend, Mingyu Yang, PhD Candidate","Science, Biology, Genetics, Molecular Biology","Supplemental Resources, Biology","Course Introduction, Lecture Videos, Problem Sets with Solutions","2023","RES.7-006","Spring 2023","Non Credit"
"https://ocw.mit.edu/courses/14-73-the-challenge-of-world-poverty-spring-2011/","The Challenge of World Poverty","Prof. Esther Duflo, Prof. Abhijit Banerjee","Business, Globalization, Social Science, Economics, Developmental Economics, Public Administration, Social Welfare, Society, Global Poverty","Economics","Lecture Videos, Exams with Solutions, Lecture Notes, Written Assignments, Instructor Insights","2011","14.73","Spring 2011","Undergraduate"
"https://ocw.mit.edu/courses/res-7-007-7-06x-cell-biology/","7.06x Cell Biology","Prof. Rebecca Lamason, Prof. Iain Cheeseman, Prof. Sebastian Lourido, Dr. Mary Ellen Wiltrout, Dr. Darcy Gordon, Dr. Monika Avello, Dr. Caitlin Friend, Mingyu Yang, PhD Candidate","Science, Biology, Cell Biology, Molecular Biology","Biology, Supplemental Resources","Course Introduction, Lecture Videos, Problem Sets with Solutions","2023","RES.7-007","Spring 2023","Non Credit"
"https://ocw.mit.edu/courses/18-s190-introduction-to-metric-spaces-january-iap-2023/","Introduction to Metric Spaces ","Paige Bright","Mathematics, Mathematical Analysis","Mathematics","Lecture Notes, Lecture Videos, Online Textbook, Problem Sets, Instructor Insights","2023","18.S190","January IAP 2023","Undergraduate"
"https://ocw.mit.edu/courses/9-00sc-introduction-to-psychology-fall-2011/","Introduction to Psychology","Prof. John D. E. Gabrieli","Science, Cognitive Science, Social Science, Psychology","Brain and Cognitive Sciences","Lecture Videos, Lecture Notes, Exams with Solutions, Instructor Insights, Exams","2011","9.00SC","Fall 2011","Undergraduate"
"https://ocw.mit.edu/courses/res-9-005-fmri-bootcamp-fall-2017/","fMRI Bootcamp","Prof. Rebecca Saxe","Health and Medicine, Medical Imaging, Sensory-Neural Systems, Science, Cognitive Science","Brain and Cognitive Sciences, Supplemental Resources","Lecture Videos","2017","RES.9-005","Fall 2017","Graduate"
"https://ocw.mit.edu/courses/res-7-008-7-28x-molecular-biology/","7.28x Molecular Biology","Prof. Stephen P. Bell, Prof. Tania Baker, Dr. Mary Ellen Wiltrout, Dr. Sera Thornton, Dr. Nathaniel Schafheimer, Dr. Swati Carr","Science, Biology, Cell Biology, Genetics, Molecular Biology","Biology, Supplemental Resources","Course Introduction, Lecture Videos, Problem Sets with Solutions","2023","RES.7-008","Spring 2023","Undergraduate, Graduate"
"https://ocw.mit.edu/courses/14-01-principles-of-microeconomics-fall-2018/","Principles of Microeconomics","Prof. Jonathan Gruber","Social Science, Economics, Microeconomics","Economics","Lecture Videos, Problem Sets with Solutions, Exams with Solutions, Lecture Notes, Instructor Insights","2018","14.01","Fall 2018","Undergraduate"
"https://ocw.mit.edu/courses/6-001-structure-and-interpretation-of-computer-programs-spring-2005/","Structure and Interpretation of Computer Programs","Prof. Eric Grimson, Prof. Peter Szolovits, Prof. Trevor Darrell","Engineering, Computer Science, Theory of Computation, Mathematics, Computation","Electrical Engineering and Computer Science","Online Textbook, Exams, Lecture Notes, Projects, Lecture Videos","2005","6.001","Spring 2005","Undergraduate"
"https://ocw.mit.edu/courses/11-949-city-visions-past-and-future-spring-2004/","City Visions: Past and Future","Prof. Diane Davis, Prof. Lawrence Vale","Fine Arts, Architecture, Environmental Design, Humanities, History, Comparative History, Social Science, Sociology, Urban Studies","Urban Studies and Planning","Lecture Videos, Written Assignments with Examples","2004","11.949","Spring 2004","Graduate"
"https://ocw.mit.edu/courses/3-014-materials-laboratory-fall-2006/","Materials Laboratory","Prof. Francesco Stellacci, Prof. Linn Hobbs, Prof. Silvija Gradecak","Engineering, Materials Science and Engineering, Science, Physics, Quantum Mechanics, Thermodynamics","Materials Science and Engineering","Image Gallery, Lecture Videos, Written Assignments with Examples","2006","3.014","Fall 2006","Undergraduate"
"https://ocw.mit.edu/courses/res-10-001-making-science-and-engineering-pictures-a-practical-guide-to-presenting-your-work-spring-2016/","Making Science and Engineering Pictures: A Practical Guide to Presenting Your Work","Felice C. Frankel","Engineering, Fine Arts, Visual Arts, Graphic Design, Photography, Health and Medicine, Science, Biology, Chemistry, Physics, Teaching and Education","Supplemental Resources","Course Introduction, Lecture Videos, Activity Assignments with Examples, Instructor Insights","2016","RES.10-001","Spring 2016","Undergraduate"
"https://ocw.mit.edu/courses/18-821-project-laboratory-in-mathematics-spring-2013/","Project Laboratory in Mathematics","Prof. Haynes Miller, Dr. Nat Stapleton, Saul Glasman, Susan Ruff","Mathematics","Mathematics","Lecture Videos, Other Video, Projects with Examples, Activity Assignments with Examples, Written Assignments with Examples, Presentation Assignments with Examples","2013","18.821","Spring 2013","Undergraduate"
"https://ocw.mit.edu/courses/ec-s01-internet-technology-in-local-and-global-communities-spring-2005-summer-2005/","Internet Technology in Local and Global Communities","Mr. Manish Gaudi, Prof. Paul Gray","Business, Entrepreneurship, Engineering, Electrical Engineering, Telecommunications, Fine Arts, Media Studies, Digital Media, Teaching and Education, Educational Technology","Edgerton Center","Lecture Videos, Programming Assignments","2005","EC.S01","Spring 2005","Undergraduate"
"https://ocw.mit.edu/courses/6-832-underactuated-robotics-spring-2009/","Underactuated Robotics","Prof. Russell Tedrake","Engineering, Computer Science, Artificial Intelligence, Electrical Engineering, Robotics and Control Systems","Electrical Engineering and Computer Science","Exams, Lecture Videos, Projects, Problem Sets with Solutions, Programming Assignments with Examples","2009","6.832","Spring 2009","Graduate"
"https://ocw.mit.edu/courses/21m-542-interdisciplinary-approaches-to-musical-time-january-iap-2010/","Interdisciplinary Approaches to Musical Time","Dr. Martin Marks, Prof. Marcus A Thompson, Prof. Charles Shadle","Fine Arts, Music, Music Theory, Humanities, Philosophy, Science, Cognitive Science","Music and Theater Arts","Other Video, Lecture Videos, Music, Written Assignments with Examples, Presentation Assignments with Examples","2010","21M.542","January IAP 2010","Undergraduate"
"https://ocw.mit.edu/courses/16-412j-cognitive-robotics-spring-2016/","Cognitive Robotics","Prof. Brian Charles Williams","Engineering, Computer Science, Artificial Intelligence, Electrical Engineering, Robotics and Control Systems","Aeronautics and Astronautics, Electrical Engineering and Computer Science","Lecture Videos, Programming Assignments, Lecture Notes, Instructor Insights","2016","16.412J","Spring 2016","Graduate"
"https://ocw.mit.edu/courses/15-s50-poker-theory-and-analytics-january-iap-2015/","Poker Theory and Analytics","Kevin Desmond","Business, Management, Mathematics, Probability and Statistics","Sloan School of Management","Lecture Videos, Problem Sets with Solutions, Lecture Notes, Instructor Insights","2015","15.S50","January IAP 2015","Graduate"
"https://ocw.mit.edu/courses/res-6-001-electromagnetic-fields-and-energy-spring-2008/","Electromagnetic Fields and Energy","Hermann A. Haus, James R. Melcher, Markus Zahn, Manuel L. Silva","Engineering, Electrical Engineering, Science, Physics, Electromagnetism","Supplemental Resources","Online Textbook, Lecture Videos, Problem Sets with Solutions","2008","RES.6-001","Spring 2008",""
"https://ocw.mit.edu/courses/16-810-engineering-design-and-rapid-prototyping-january-iap-2005/","Engineering Design and Rapid Prototyping","Prof. David Wallace, Prof. Olivier de Weck, Col. Peter Young","Engineering, Aerospace Engineering, Aerodynamics, Structural Mechanics, Mechanical Engineering, Mechanical Design, Systems Engineering, Computational Modeling and Simulation, Systems Optimization","Aeronautics and Astronautics","Lecture Videos, Lecture Notes, Projects with Examples","2005","16.810","January IAP 2005","Undergraduate"
"https://ocw.mit.edu/courses/5-74-introductory-quantum-mechanics-ii-spring-2004/","Introductory Quantum Mechanics II","Prof. Robert Field, Prof. Andrei Tokmakoff","Health and Medicine, Spectroscopy, Science, Physics, Quantum Mechanics","Chemistry","Lecture Videos, Lecture Notes, Problem Sets","2004","5.74","Spring 2004","Graduate"
"https://ocw.mit.edu/courses/21l-011-the-film-experience-fall-2013/","The Film Experience","Prof. David Thorburn","Fine Arts, Visual Arts, Film and Video","Literature","Lecture Videos, Lecture Notes, Written Assignments, Instructor Insights","2013","21L.011","Fall 2013","Undergraduate"
"https://ocw.mit.edu/courses/16-01-unified-engineering-i-ii-iii-iv-fall-2005-spring-2006/","Unified Engineering I, II, III, & IV","Prof. Mark Drela, Prof. Steven Hall, Prof. Paul A. Lagace, Prof. Ingrid Kristina Lundqvist, Prof. Gustaf Naeser, Prof. Heidi Perry, Prof. Raúl Radovitzky, Prof. Ian A. Waitz, Col. Peter Young, Prof. Jennifer L. Craig","Business, Project Management, Engineering, Aerospace Engineering, Mechanical Engineering, Fluid Mechanics, Science, Physics, Thermodynamics","Aeronautics and Astronautics","Lecture Videos, Course Introduction, Competition Videos, Problem Sets with Solutions, Exams with Solutions","2005","16.01","Fall 2005","Undergraduate"
"https://ocw.mit.edu/courses/5-112-principles-of-chemical-science-fall-2005/","Principles of Chemical Science","Prof. Christopher Cummins, Prof. Sylvia Ceyer","Science, Chemistry","Chemistry","Lecture Videos, Lecture Notes","2005","5.112","Fall 2005","Undergraduate"
"https://ocw.mit.edu/courses/res-11-002-intentional-public-disruptions-art-responsibility-and-pedagogy-fall-2017/","Intentional Public Disruptions: Art, Responsibility, and Pedagogy","B. Stephen Carpenter II, Prof. Lawrence Susskind","Fine Arts, Visual Arts, Social Science, Public Administration, Social Welfare, Urban Studies, Society, Global Poverty, Latin and Caribbean Studies, Teaching and Education, Curriculum and Teaching","Supplemental Resources","Lecture Videos, Instructor Insights","2017","RES.11-002","Fall 2017","Undergraduate"
"https://ocw.mit.edu/courses/mas-s62-cryptocurrency-engineering-and-design-spring-2018/","Cryptocurrency Engineering and Design","Neha Narula, Tadge Dryja","Engineering, Computer Science, Algorithms and Data Structures, Data Mining, Software Design and Engineering","Media Arts and Sciences","Lecture Videos, Problem Sets, Lecture Notes","2018","MAS.S62","Spring 2018","Graduate"
"https://ocw.mit.edu/courses/1-258j-public-transportation-systems-spring-2017/","Public Transportation Systems","Prof. Nigel Wilson, Dr. Gabriel E. Sanchez-Martinez, Dr. Neema Nassir","Engineering, Civil Engineering, Transportation Engineering, Social Science, Urban Studies, Transportation Planning","Civil and Environmental Engineering, Urban Studies and Planning","Lecture Videos, Lecture Notes","2017","1.258J","Spring 2017","Graduate"
"https://ocw.mit.edu/courses/22-091-nuclear-reactor-safety-spring-2008/","Nuclear Reactor Safety","Prof. Andrew Kadak","Energy, Nuclear, Engineering, Nuclear Engineering, Nuclear Systems, Policy, and Economics, Science, Physics, Nuclear Physics","Nuclear Science and Engineering","Lecture Notes, Exams, Lecture Videos, Problem Sets, Programming Assignments, Written Assignments","2008","22.091","Spring 2008","Undergraduate, Graduate"
"https://ocw.mit.edu/courses/24-213-philosophy-of-film-fall-2004/","Philosophy of Film","Prof. Irving Singer","Fine Arts, Visual Arts, Film and Video, Humanities, Philosophy","Linguistics and Philosophy","Lecture Videos, Written Assignments with Examples","2004","24.213","Fall 2004","Undergraduate"
"https://ocw.mit.edu/courses/8-421-atomic-and-optical-physics-i-spring-2014/","Atomic and Optical Physics I","Prof. Wolfgang Ketterle","Science, Physics, Atomic, Molecular, Optical Physics","Physics","Lecture Videos, Problem Sets, Exams, Instructor Insights","2014","8.421","Spring 2014","Graduate"
"https://ocw.mit.edu/courses/res-cd-001-leadership-and-empowerment-resources-from-graduate-women-at-mit-gwamit-spring-2012/","Leadership and Empowerment: Resources from Graduate Women at MIT (GWAMIT)","members GWAMIT","Business, Leadership, Society, Women's Studies, Teaching and Education, Higher Education","Supplemental Resources","Lecture Videos","2012","RES.CD-001","Spring 2012","Undergraduate"
"https://ocw.mit.edu/courses/res-18-009-learn-differential-equations-up-close-with-gilbert-strang-and-cleve-moler-fall-2015/","Learn Differential Equations: Up Close with Gilbert Strang and Cleve Moler","Prof. Gilbert Strang, Dr. Cleve Moler","Engineering, Computer Science, Programming Languages, Mathematics, Applied Mathematics, Differential Equations, Linear Algebra","Supplemental Resources","Lecture Videos","2015","RES.18-009","Fall 2015","Undergraduate"
"https://ocw.mit.edu/courses/22-01-introduction-to-nuclear-engineering-and-ionizing-radiation-fall-2016/","Introduction to Nuclear Engineering and Ionizing Radiation","Prof. Michael Short","Engineering, Nuclear Engineering, Science, Physics, Nuclear Physics","Nuclear Science and Engineering","Lecture Videos, Problem Sets with Solutions, Exams with Solutions, Instructor Insights","2016","22.01","Fall 2016","Undergraduate"
"https://ocw.mit.edu/courses/24-209-philosophy-in-film-and-other-media-spring-2004/","Philosophy In Film and Other Media","Prof. Irving Singer","Fine Arts, Media Studies, Visual Arts, Film and Video, Humanities, Literature, Philosophy","Linguistics and Philosophy","Lecture Videos, Written Assignments with Examples","2004","24.209","Spring 2004","Undergraduate"
"https://ocw.mit.edu/courses/22-033-nuclear-systems-design-project-fall-2011/","Nuclear Systems Design Project","Prof. Michael Short","Business, Project Management, Energy, Hydrogen and Alternatives, Nuclear, Renewables, Engineering, Nuclear Engineering, Nuclear Systems, Policy, and Economics, Systems Engineering, Systems Design, Science, Physics, Nuclear Physics","Nuclear Science and Engineering","Lecture Videos, Other Video, Lecture Notes, Projects with Examples, Written Assignments with Examples, Instructor Insights","2011","22.033","Fall 2011","Undergraduate, Graduate"
"https://ocw.mit.edu/courses/16-687-private-pilot-ground-school-january-iap-2019/","Private Pilot Ground School","Dr. Philip Greenspun, Dr. Tina Srivastava","Engineering, Aerospace Engineering","Aeronautics and Astronautics","Lecture Videos, Lecture Notes, Instructor Insights","2019","16.687","January IAP 2019","Undergraduate"
"https://ocw.mit.edu/courses/9-04-sensory-systems-fall-2013/","Sensory Systems","Prof. Peter H. Schiller, Prof. M. Christian Brown","Health and Medicine, Anatomy and Physiology, Sensory-Neural Systems, Science, Biology, Neurobiology, Neuroscience","Brain and Cognitive Sciences","Lecture Videos, Lecture Notes, Written Assignments, Instructor Insights","2013","9.04","Fall 2013","Undergraduate"
"https://ocw.mit.edu/courses/5-111-principles-of-chemical-science-fall-2008/","Principles of Chemical Science","Prof. Catherine Drennan, Dr. Elizabeth Vogel Taylor","Science, Chemistry","Chemistry","Lecture Videos, Exams with Solutions, Lecture Notes","2008","5.111","Fall 2008","Undergraduate"
"https://ocw.mit.edu/courses/3-021j-introduction-to-modeling-and-simulation-spring-2012/","Introduction to Modeling and Simulation","Prof. Markus Buehler, Prof. Jeffrey Grossman","Engineering, Materials Science and Engineering, Systems Engineering, Computational Modeling and Simulation, Science, Physics, Classical Mechanics, Quantum Mechanics","Materials Science and Engineering, Civil and Environmental Engineering, Chemical Engineering, Mathematics, Nuclear Science and Engineering","Problem Sets, Lecture Notes, Lecture Videos","2012","3.021J","Spring 2012","Undergraduate"
"https://ocw.mit.edu/courses/4-367-studio-seminar-in-public-art-spring-2006/","Studio Seminar in Public Art","Prof. Antonio Muntadas","Fine Arts, Architecture, Architectural Design, Art History, Visual Arts","Architecture","Lecture Videos, Projects with Examples","2006","4.367","Spring 2006","Graduate"
"https://ocw.mit.edu/courses/2-003j-dynamics-and-control-i-fall-2007/","Dynamics and Control I","Prof. Nicholas Makris, Prof. Peter So, Prof. Sanjay Sarma, Dr. Yahya Modarres-Sadeghi","Engineering, Mechanical Engineering, Dynamics and Control, Mathematics, Applied Mathematics","Mechanical Engineering, Civil and Environmental Engineering","Lecture Videos, Problem Sets, Exams, Programming Assignments with Examples, Instructor Insights","2007","2.003J","Fall 2007","Undergraduate"
"https://ocw.mit.edu/courses/res-2-002-finite-element-procedures-for-solids-and-structures-spring-2010/","Finite Element Procedures for Solids and Structures","Klaus-Jürgen Bathe","Engineering, Mechanical Engineering, Solid Mechanics, Systems Engineering, Computational Modeling and Simulation, Numerical Simulation","Mechanical Engineering","Lecture Videos","2010","RES.2-002","Spring 2010","Graduate"
"https://ocw.mit.edu/courses/15-356-how-to-develop-breakthrough-products-and-services-spring-2012/","How to Develop Breakthrough Products and Services","Prof. Eric von Hippel","Business, Entrepreneurship, Innovation","Sloan School of Management","Lecture Videos, Lecture Notes, Written Assignments","2012","15.356","Spring 2012","Graduate"
"https://ocw.mit.edu/courses/18-s097-applied-category-theory-january-iap-2019/","Applied Category Theory ","Dr. David I. Spivak, Dr. Brendan Fong","Mathematics, Applied Mathematics, Topology and Geometry","Mathematics","Lecture Videos, Problem Sets, Online Textbook, Instructor Insights","2019","18.S097","January IAP 2019","Undergraduate"
"https://ocw.mit.edu/courses/8-01sc-classical-mechanics-fall-2016/","Classical Mechanics","Prof. Deepto Chakrabarty, Dr. Peter Dourmashkin, Dr. Michelle Tomasik, Prof. Anna Frebel, Prof. Vladan Vuletic","Science, Physics, Classical Mechanics","Physics","Lecture Videos, Problem Sets, Online Textbook","2016","8.01SC","Fall 2016","Undergraduate"
"https://ocw.mit.edu/courses/24-900-introduction-to-linguistics-spring-2022/","Introduction to Linguistics","Prof. Norvin W. Richards","Humanities, Linguistics","Linguistics and Philosophy","Lecture Videos, Lecture Notes, Written Assignments, Problem Sets","2022","24.900","Spring 2022","Undergraduate"
"https://ocw.mit.edu/courses/11-965-reflective-practice-an-approach-for-expanding-your-learning-frontiers-january-iap-2007/","Reflective Practice: An Approach for Expanding Your Learning Frontiers","Prof. Ceasar McDowell, Claudia Canepa, Sebastiao Ferriera","Business, Innovation, Social Science, Psychology","Urban Studies and Planning","Lecture Videos, Lecture Notes, Written Assignments","2007","11.965","January IAP 2007","Graduate"
"https://ocw.mit.edu/courses/5-111sc-principles-of-chemical-science-fall-2014/","Principles of Chemical Science","Prof. Catherine Drennan","Science, Chemistry, Inorganic Chemistry, Organic Chemistry, Physical Chemistry","Chemistry","Lecture Videos, Lecture Notes, Problem Sets with Solutions, Exams with Solutions, Other Video, Instructor Insights","2014","5.111SC","Fall 2014","Undergraduate"
"https://ocw.mit.edu/courses/res-8-005-vibrations-and-waves-problem-solving-fall-2012/","Vibrations and Waves Problem Solving","Prof. Wit Busza","Science, Physics, Classical Mechanics, Electromagnetism","Supplemental Resources","Lecture Videos, Problem Sets, Instructor Insights","2012","RES.8-005","Fall 2012","Undergraduate"
"https://ocw.mit.edu/courses/3-60-symmetry-structure-and-tensor-properties-of-materials-fall-2005/","Symmetry, Structure, and Tensor Properties of Materials","Prof. Bernhardt Wuensch","Engineering, Materials Science and Engineering, Mechanical Engineering, Solid Mechanics","Materials Science and Engineering","Lecture Videos, Problem Sets","2005","3.60","Fall 2005","Graduate"
"https://ocw.mit.edu/courses/res-2-006-girls-who-build-cameras-summer-2016/","Girls Who Build Cameras","Kristen E Railey, Bob Schulein, Olivia Glennon, Leslie Watkins, Alex Lorman, Carol Carveth, Sara James","Energy, Technology, Engineering, Teaching and Education, Curriculum and Teaching","Mechanical Engineering","Lecture Videos, Image Gallery, Lecture Notes, Activity Assignments with Examples, Programming Assignments with Examples, Instructor Insights","2016","RES.2-006","Summer 2016","High School"
"https://ocw.mit.edu/courses/6-034-artificial-intelligence-fall-2010/","Artificial Intelligence","Patrick Henry Winston","Engineering, Computer Science, Algorithms and Data Structures, Artificial Intelligence, Theory of Computation","Electrical Engineering and Computer Science","Exams, Lecture Videos, Recitation Videos, Programming Assignments, Instructor Insights","2010","6.034","Fall 2010","Undergraduate"
"https://ocw.mit.edu/courses/6-868j-the-society-of-mind-fall-2011/","The Society of Mind","Prof. Marvin Minsky","Engineering, Computer Science, Artificial Intelligence, Humanities, Philosophy","Electrical Engineering and Computer Science","Lecture Videos, Written Assignments","2011","6.868J","Fall 2011","Graduate"
"https://ocw.mit.edu/courses/21l-432-understanding-television-spring-2003/","Understanding Television","Prof. David Thorburn","Fine Arts, Media Studies, Visual Arts, Film and Video, Humanities, Literature, Drama, Social Science, Anthropology, Cultural Anthropology","Literature","Lecture Videos, Written Assignments","2003","21L.432","Spring 2003","Undergraduate"
"https://ocw.mit.edu/courses/20-219-becoming-the-next-bill-nye-writing-and-hosting-the-educational-show-january-iap-2015/","Becoming the Next Bill Nye: Writing and Hosting the Educational Show","Elizabeth Choe, Jaime Goldstein, Chris Boebel, George Zaidan, Joshua Gunn, Ceri Riley, Dr. Natalie Kuldell","Fine Arts, Media Studies, Digital Media, Visual Arts, Film and Video, Social Science, Communication, Teaching and Education, Curriculum and Teaching, Educational Technology","Biological Engineering","Lecture Videos, Projects with Examples, Instructor Insights","2015","20.219","January IAP 2015","Undergraduate"
"https://ocw.mit.edu/courses/18-03sc-differential-equations-fall-2011/","Differential Equations","Prof. Arthur Mattuck, Prof. Haynes Miller, Dr. Jeremy Orloff, Dr. John Lewis","Mathematics, Differential Equations, Linear Algebra","Mathematics","Lecture Videos, Recitation Videos, Exams with Solutions, Simulations, Lecture Notes, Problem Sets with Solutions","2011","18.03SC","Fall 2011","Undergraduate"
"https://ocw.mit.edu/courses/res-6-012-introduction-to-probability-spring-2018/","Introduction to Probability","Prof. John Tsitsiklis, Prof. Patrick Jaillet","Engineering, Systems Engineering, Mathematics, Probability and Statistics","Supplemental Resources","Lecture Videos, Lecture Notes","2018","RES.6-012","Spring 2018","Undergraduate"
"https://ocw.mit.edu/courses/res-9-003-brains-minds-and-machines-summer-course-summer-2015/","Brains, Minds and Machines Summer Course","Prof. Tomaso Poggio, Prof. Gabriel Kreiman","Engineering, Computer Science, Artificial Intelligence, Electrical Engineering, Robotics and Control Systems, Health and Medicine, Sensory-Neural Systems, Science, Biology, Neuroscience, Cognitive Science, Social Science, Psychology","Supplemental Resources","Other Video, Lecture Videos, Lecture Notes, Projects, Instructor Insights","2015","RES.9-003","Summer 2015","Graduate"
"https://ocw.mit.edu/courses/6-041sc-probabilistic-systems-analysis-and-applied-probability-fall-2013/","Probabilistic Systems Analysis and Applied Probability","Prof. John Tsitsiklis","Engineering, Systems Engineering, Mathematics, Discrete Mathematics, Probability and Statistics","Electrical Engineering and Computer Science","Lecture Videos, Recitation Videos, Problem Sets with Solutions, Exams with Solutions","2013","6.041SC","Fall 2013","Undergraduate"
"https://ocw.mit.edu/courses/2-087-engineering-math-differential-equations-and-linear-algebra-fall-2014/","Engineering Math: Differential Equations and Linear Algebra","Prof. Daniel Frey, Prof. Gilbert Strang","Engineering, Mechanical Engineering, Mathematics, Applied Mathematics, Differential Equations, Linear Algebra","Mechanical Engineering","Exams, Lecture Videos, Problem Sets, Programming Assignments with Examples","2014","2.087","Fall 2014","Undergraduate"
"https://ocw.mit.edu/courses/24-08j-philosophical-issues-in-brain-science-spring-2009/","Philosophical Issues in Brain Science","Prof. Alex Byrne, Prof. Pawan Sinha","Humanities, Philosophy, Epistemology, Science, Cognitive Science, Social Science, Psychology","Linguistics and Philosophy, Brain and Cognitive Sciences","Exams, Lecture Notes, Lecture Videos, Written Assignments","2009","24.08J","Spring 2009","Undergraduate"
"https://ocw.mit.edu/courses/2-003sc-engineering-dynamics-fall-2011/","Engineering Dynamics","Prof. J. Kim Vandiver, Prof. David Gossard","Engineering, Mechanical Engineering, Solid Mechanics, Science, Physics, Classical Mechanics","Mechanical Engineering, Civil and Environmental Engineering","Lecture Videos, Problem Sets with Solutions, Exams with Solutions, Recitation Videos, Lecture Notes","2011","2.003SC","Fall 2011","Undergraduate"
"https://ocw.mit.edu/courses/res-tll-004-stem-concept-videos-fall-2013/","STEM Concept Videos","Teaching and Learning Laboratory (TLL) , Singapore University of Technology and Design (SUTD) ","Engineering, Mathematics, Calculus, Differential Equations, Science, Chemistry, Physics, Social Science, Communication","Supplemental Resources","Lecture Videos","2013","RES.TLL-004","Fall 2013","Undergraduate"
"https://ocw.mit.edu/courses/8-821-string-theory-and-holographic-duality-fall-2014/","String Theory and Holographic Duality","Prof. Hong Liu","Science, Physics, Particle Physics, Quantum Mechanics, Theoretical Physics","Physics","Lecture Videos, Problem Sets with Solutions, Lecture Notes, Instructor Insights","2014","8.821","Fall 2014","Graduate"
"https://ocw.mit.edu/courses/res-8-007-cosmic-origin-of-the-chemical-elements-fall-2019/","Cosmic Origin of the Chemical Elements ","Prof. Anna Frebel","Science, Chemistry, Organic Chemistry, Physics, Astrophysics","Supplemental Resources","Lecture Videos, Instructor Insights","2019","RES.8-007","Fall 2019","Undergraduate"
"https://ocw.mit.edu/courses/5-07sc-biological-chemistry-i-fall-2013/","Biological Chemistry I","Prof. John Essigmann, Prof. Joanne Stubbe, Dr. Bogdan Fedeles","Science, Biology, Biochemistry","Chemistry","Lecture Videos, Other Video, Problem Sets with Solutions, Lecture Notes, Instructor Insights","2013","5.07SC","Fall 2013","Undergraduate"
"https://ocw.mit.edu/courses/res-10-s95-physics-of-covid-19-transmission-fall-2020/","Physics of COVID-19 Transmission","Prof. Martin Bazant, Dr. Joey Gu, Alex Cohen","Engineering, Chemical Engineering, Health and Medicine, Public Health, Science, Physics","Supplemental Resources, Chemical Engineering","Lecture Videos","2020","RES.10-S95","Fall 2020","Undergraduate"
"https://ocw.mit.edu/courses/18-s191-introduction-to-computational-thinking-fall-2020/","Introduction to Computational Thinking","Prof. Alan Edelman, Prof. David P. Sanders, Grant Sanderson, Dr. James Schloss, Henri Drake","Energy, Climate, Engineering, Computer Science, Algorithms and Data Structures, Computer Design and Engineering, Computer Networks, Mathematics, Applied Mathematics, Computation","Mathematics, Electrical Engineering and Computer Science, Nuclear Science and Engineering","Lecture Videos, Problem Sets, Course Introduction","2020","18.S191","Fall 2020","Undergraduate"
"https://ocw.mit.edu/courses/7-013-introductory-biology-spring-2013/","Introductory Biology","Prof. Hazel Sive, Prof. Tyler Jacks, Dr. Diviya Sinha","Science, Biology, Biochemistry, Cell Biology, Developmental Biology, Genetics, Molecular Biology","Biology","Lecture Videos, Problem Sets with Solutions, Exams with Solutions, Instructor Insights","2013","7.013","Spring 2013","Undergraduate"
"https://ocw.mit.edu/courses/18-404j-theory-of-computation-fall-2020/","Theory of Computation","Prof. Michael Sipser","Engineering, Computer Science, Theory of Computation, Mathematics, Computation, Discrete Mathematics","Mathematics, Electrical Engineering and Computer Science","Lecture Videos, Problem Sets, Exams, Lecture Notes, Instructor Insights","2020","18.404J","Fall 2020","Undergraduate, Graduate"
"https://ocw.mit.edu/courses/cms-s63-playful-augmented-reality-audio-design-exploration-fall-2019/","Playful Augmented Reality Audio Design Exploration","Mikael Jakobsson, Philip B. Tan","Fine Arts, Game Design, Media Studies, Social Science, Game Theory","Comparative Media Studies/Writing","Lecture Videos, Demonstration Videos, Design Assignments","2019","CMS.S63","Fall 2019","Undergraduate"
"https://ocw.mit.edu/courses/5-310-laboratory-chemistry-fall-2019/","Laboratory Chemistry","Dr. John J. Dolhun, Dr. Sarah Hewett","Science, Chemistry","Chemistry","Lecture Videos","2019","5.310","Fall 2019","Undergraduate"
"https://ocw.mit.edu/courses/res-15-004-system-dynamics-systems-thinking-and-modeling-for-a-complex-world-january-iap-2020/","System Dynamics: Systems Thinking and Modeling for a Complex World","James E. Paine","Business, Management, Operations Management, Organizational Behavior","Supplemental Resources","Lecture Videos, Lecture Notes","2020","RES.15-004","January IAP 2020","Graduate"
"https://ocw.mit.edu/courses/7-05-general-biochemistry-spring-2020/","General Biochemistry","Prof. Michael Yaffe, Prof. Matthew Vander Heiden","Science, Biology, Biochemistry, Chemistry, Analytical Chemistry, Organic Chemistry, Physical Chemistry","Biology","Lecture Videos, Problem Sets with Solutions, Exams","2020","7.05","Spring 2020","Undergraduate"
"https://ocw.mit.edu/courses/8-02-physics-ii-electricity-and-magnetism-spring-2019/","Physics II: Electricity and Magnetism","Dr. Peter Dourmashkin, Dr. Michelle Tomasik, Prof. Krishna Rajagopal, Analia Barrantes, Prof. Robert Redwine","Science, Physics, Electromagnetism","Physics","Lecture Videos, Online Textbook","2019","8.02","Spring 2019","Undergraduate"
"https://ocw.mit.edu/courses/18-01-calculus-i-single-variable-calculus-fall-2020/","Calculus I: Single Variable Calculus","Prof. David Jerison, Prof. Gigliola Staffilani, Dr. Jennifer French, Prof. Stephen Wang","Mathematics, Calculus","Mathematics","Lecture Videos","2020","18.01","Fall 2020","Undergraduate"
"https://ocw.mit.edu/courses/res-tll-009-iit-joint-entrance-exam-preparation-fall-2022/","IIT Joint Entrance Exam Preparation ","Dr. Ankur Gupta","Teaching and Education","Supplemental Resources","Lecture Videos","2022","RES-TLL-009","Fall 2022","High School"
"https://ocw.mit.edu/courses/6-832-underactuated-robotics-spring-2022/","Underactuated Robotics","Prof. Russell Tedrake","Engineering, Computer Science, Artificial Intelligence, Electrical Engineering, Robotics and Control Systems","Electrical Engineering and Computer Science","Online Textbook, Lecture Videos","2022","6.832","Spring 2022","Graduate"
"https://ocw.mit.edu/courses/12-340x-global-warming-science-spring-2020/","Global Warming Science","Prof. Kerry Emanuel, Prof. Daniel Cziczo, Prof. David McGee","Energy, Climate, Science, Earth Science, Atmospheric Science, Climate Studies, Environmental Science","Earth, Atmospheric, and Planetary Sciences","Lecture Notes, Lecture Videos, Problem Sets, Exams","2020","12.340x","Spring 2020","Undergraduate"
"https://ocw.mit.edu/courses/24-s96-linguistics-and-social-justice-language-education-and-human-rights-fall-2021/","Linguistics and Social Justice: Language, Education, and Human Rights","Prof. Michel DeGraff","Humanities, Linguistics, Social Science, Sociology, Social Justice, Society, Indigenous Studies, The Developing World, Teaching and Education, Education Policy","Linguistics and Philosophy","Lecture Videos","2021","24.S96","Fall 2021","Graduate"
"https://ocw.mit.edu/courses/6-4210-robotic-manipulation-fall-2022/","Robotic Manipulation","Prof. Russell Tedrake","Engineering, Computer Science, Artificial Intelligence, Electrical Engineering, Robotics and Control Systems","Electrical Engineering and Computer Science","Online Textbook, Lecture Videos","2022","6.4210","Fall 2022","Undergraduate, Graduate"
"https://ocw.mit.edu/courses/11-941-use-of-joint-fact-finding-in-science-intensive-policy-disputes-part-i-fall-2003/","Use of Joint Fact Finding in Science Intensive Policy Disputes, Part I","Dr. Herman Karl, Prof. Lawrence Susskind","Engineering, Environmental Engineering, Environmental Management, Social Science, Public Administration, Environmental Policy, Science and Technology Policy","Urban Studies and Planning","Lecture Videos, Lecture Notes","2003","11.941","Fall 2003","Graduate"
"https://ocw.mit.edu/courses/6-035-computer-language-engineering-sma-5502-fall-2005/","Computer Language Engineering (SMA 5502)","Prof. Martin Rinard, Prof. Saman Amarasinghe","Engineering, Computer Science, Programming Languages, Software Design and Engineering","Electrical Engineering and Computer Science","Lecture Videos, Lecture Notes, Projects","2005","6.035","Fall 2005","Undergraduate"
"https://ocw.mit.edu/courses/6-189-multicore-programming-primer-january-iap-2007/","Multicore Programming Primer","Dr. Rodric Rabbah, Prof. Saman Amarasinghe","Engineering, Computer Science, Programming Languages, Software Design and Engineering, Theory of Computation","Electrical Engineering and Computer Science","Lecture Videos, Competition Videos, Other Video, Lecture Notes, Projects","2007","6.189","January IAP 2007","Undergraduate"
"https://ocw.mit.edu/courses/8-05-quantum-physics-ii-fall-2013/","Quantum Physics II","Prof. Barton Zwiebach","Science, Physics, Quantum Mechanics","Physics","Lecture Videos, Lecture Notes, Problem Sets, Exams","2013","8.05","Fall 2013","Undergraduate"
